cycle,model,n_strands,state_tokens,sys_tokens,in_tok,out_tok,stop_reason,n_updated,n_deleted,resp_len
1,,7,,,,,,0,0,0
2,claude-haiku-4-5,8,1124,1348,1989,391,tool_use,2,0,1230
3,claude-haiku-4-5,9,1220,1403,2076,612,tool_use,3,0,1784
4,claude-haiku-4-5,10,1648,1499,2169,1429,tool_use,6,0,2512
5,claude-haiku-4-5,15,2109,1928,2596,1065,tool_use,5,0,2378
6,claude-haiku-4-5,17,2723,2391,3565,1986,tool_use,6,0,4305
7,claude-haiku-4-5,22,3628,3026,4222,1647,tool_use,6,0,2789
8,claude-haiku-4-5,23,3706,3941,4488,1232,tool_use,4,0,2443
9,claude-haiku-4-5,23,3706,4027,4533,544,tool_use,3,0,2191
